rating,review_text,source
4,Mock review for Samsung Galaxy with rating 4,Mock Generator
4,Mock review for Samsung Galaxy with rating 4,Mock Generator
5,Mock review for Samsung Galaxy with rating 5,Mock Generator
4,Mock review for Samsung Galaxy with rating 4,Mock Generator
2,Mock review for Samsung Galaxy with rating 2,Mock Generator
1,Mock review for Samsung Galaxy with rating 1,Mock Generator
3,Mock review for Samsung Galaxy with rating 3,Mock Generator
4,Mock review for Samsung Galaxy with rating 4,Mock Generator
4,Mock review for Samsung Galaxy with rating 4,Mock Generator
4,Mock review for Samsung Galaxy with rating 4,Mock Generator
4,Mock review for Samsung Galaxy with rating 4,Mock Generator
2,Mock review for Samsung Galaxy with rating 2,Mock Generator
2,Mock review for Samsung Galaxy with rating 2,Mock Generator
2,Mock review for Samsung Galaxy with rating 2,Mock Generator
4,Mock review for Samsung Galaxy with rating 4,Mock Generator
5,Mock review for Samsung Galaxy with rating 5,Mock Generator
3,Mock review for Samsung Galaxy with rating 3,Mock Generator
2,Mock review for Samsung Galaxy with rating 2,Mock Generator
3,Mock review for Samsung Galaxy with rating 3,Mock Generator
3,Mock review for Samsung Galaxy with rating 3,Mock Generator
2,Mock review for Samsung Galaxy with rating 2,Mock Generator
2,Mock review for Samsung Galaxy with rating 2,Mock Generator
3,Mock review for Samsung Galaxy with rating 3,Mock Generator
4,Mock review for Samsung Galaxy with rating 4,Mock Generator
5,Mock review for Samsung Galaxy with rating 5,Mock Generator
3,Mock review for Samsung Galaxy with rating 3,Mock Generator
3,Mock review for Samsung Galaxy with rating 3,Mock Generator
5,Mock review for Samsung Galaxy with rating 5,Mock Generator
5,Mock review for Samsung Galaxy with rating 5,Mock Generator
3,Mock review for Samsung Galaxy with rating 3,Mock Generator
1,Mock review for Samsung Galaxy with rating 1,Mock Generator
4,Mock review for Samsung Galaxy with rating 4,Mock Generator
1,Mock review for Samsung Galaxy with rating 1,Mock Generator
2,Mock review for Samsung Galaxy with rating 2,Mock Generator
4,Mock review for Samsung Galaxy with rating 4,Mock Generator
1,Mock review for Samsung Galaxy with rating 1,Mock Generator
3,Mock review for Samsung Galaxy with rating 3,Mock Generator
1,Mock review for Samsung Galaxy with rating 1,Mock Generator
3,Mock review for Samsung Galaxy with rating 3,Mock Generator
3,Mock review for Samsung Galaxy with rating 3,Mock Generator
4,Mock review for Samsung Galaxy with rating 4,Mock Generator
3,Mock review for Samsung Galaxy with rating 3,Mock Generator
5,Mock review for Samsung Galaxy with rating 5,Mock Generator
3,Mock review for Samsung Galaxy with rating 3,Mock Generator
1,Mock review for Samsung Galaxy with rating 1,Mock Generator
4,Mock review for Samsung Galaxy with rating 4,Mock Generator
2,Mock review for Samsung Galaxy with rating 2,Mock Generator
4,Mock review for Samsung Galaxy with rating 4,Mock Generator
3,Mock review for Samsung Galaxy with rating 3,Mock Generator
1,Mock review for Samsung Galaxy with rating 1,Mock Generator
